{
  "type": "datasource",
  "name": "grafana-shannonlal-sample-json",
  "id": "shannonlal-grafana-shannonlal-sample-json",
  "metrics": true,
  "info": {
    "description": "Shannon Lal Sample Plugin",
    "author": {
      "name": "Shannon Lal",
      "url": ""
    },
    "keywords": [
      "Shannon Lal",
      "JSON",
      "Sample"
    ],
    "logos": {
      "small": "img/logo.svg",
      "large": "img/logo.svg"
    },
    "links": [
      {
        "name": "Website",
        "url": "https://github.com/grafana/simple-datasource"
      },
      {
        "name": "License",
        "url": "https://github.com/grafana/simple-datasource/blob/master/LICENSE"
      }
    ],
    "screenshots": [],
    "version": "1.0.0",
    "updated": "2021-01-31"
  },
  "dependencies": {
    "grafanaVersion": "6.5.x",
    "plugins": []
  }
}